{"cameraMode":{"drawMode":0,"name":"Shaded","section":"Shading Mode"},"sceneLighting":false,"audioPlay":false,"sceneViewState":{"showFog":true,"showMaterialUpdate":true,"showSkybox":false,"showFlares":true,"showImageEffects":true,"showParticleSystems":true},"in2DMode":false,"pivot":{"x":0.13129869103431703,"y":-1.5184166431427003,"z":5.815725803375244},"rotation":{"x":0.6212774515151978,"y":0.027059275656938554,"z":-0.02141617424786091,"w":0.7828865051269531},"size":5.245601177215576,"orthographic":false}