{"cameraMode":{"drawMode":0,"name":"Shaded","section":"Shading Mode"},"sceneLighting":false,"audioPlay":false,"sceneViewState":{"showFog":true,"showMaterialUpdate":true,"showSkybox":false,"showFlares":true,"showImageEffects":true,"showParticleSystems":true},"in2DMode":false,"pivot":{"x":-0.5258946418762207,"y":-3.8909406661987306,"z":20.136728286743165},"rotation":{"x":0.19700820744037629,"y":0.022934237495064737,"z":-0.003920832183212042,"w":0.9803332090377808},"size":24.467491149902345,"orthographic":false}