{"cameraMode":{"drawMode":0,"name":"Shaded","section":"Shading Mode"},"sceneLighting":false,"audioPlay":false,"sceneViewState":{"showFog":true,"showMaterialUpdate":true,"showSkybox":false,"showFlares":true,"showImageEffects":true,"showParticleSystems":true},"in2DMode":false,"pivot":{"x":-0.01000000536441803,"y":-0.08586496859788895,"z":0.443492591381073},"rotation":{"x":0.24327516555786134,"y":0.07069399952888489,"z":-0.017106641083955766,"w":0.9674603939056397},"size":1.1836860179901124,"orthographic":false}