{"cameraMode":{"drawMode":0,"name":"Shaded","section":"Shading Mode"},"sceneLighting":false,"audioPlay":false,"sceneViewState":{"showFog":true,"showMaterialUpdate":false,"showSkybox":false,"showFlares":true,"showImageEffects":true,"showParticleSystems":true},"in2DMode":false,"pivot":{"x":0.13129869103431703,"y":0.3915833830833435,"z":-0.21427416801452638},"rotation":{"x":-0.12422073632478714,"y":-0.06484903395175934,"z":0.008135787211358548,"w":-0.9901108145713806},"size":5.245601177215576,"orthographic":false}