{"cameraMode":{"drawMode":0,"name":"Shaded","section":"Shading Mode"},"sceneLighting":false,"audioPlay":false,"sceneViewState":{"showFog":true,"showMaterialUpdate":false,"showSkybox":false,"showFlares":true,"showImageEffects":true,"showParticleSystems":true},"in2DMode":false,"pivot":{"x":-1.2511920928955079,"y":1.1852229833602906,"z":0.025884436443448068},"rotation":{"x":-0.379009872674942,"y":-0.020259154960513116,"z":0.008326136507093907,"w":-0.9251739978790283},"size":4.4891676902771,"orthographic":false}